{
  "最终收益率(%)": 5.26453029778069,
  "总交易次数": 4815,
  "未平仓数量": 0,
  "系统参数": {
    "X": 6.8e-05,
    "Y": 3.8e-05,
    "A": 0.000235,
    "B": 0.00014,
    "N": 5,
    "M": 5,
    "P": 0.0049,
    "Q": 6.2e-05
  },
  "计算时间": "2026-01-26 08:41:08"
}